constant;player_form;opponent_team_form;team_delta_elo
3.1279577773571363;0.22755016146222176;-0.7880425837938102;0.0020081980555117446